"Issue Date","Tender","Security Type","Discount Rate","Interest Rate"
"30 Jan 2023","1835","91 DAY BILL","32.7870","35.7144"
"30 Jan 2023","1835","182 DAY BILL","30.3323","35.7549"
"30 Jan 2023","1835","364 DAY BILL","26.3701","35.8144"
"23 Jan 2023","1834","91 DAY BILL","32.7194","35.6342"
"23 Jan 2023","1834","182 DAY BILL","30.3695","35.8067"
"23 Jan 2023","1834","364 DAY BILL","26.2317","35.5596"
"16 Jan 2023","1833","91 DAY BILL","32.5761","35.4643"
"16 Jan 2023","1833","182 DAY BILL","30.3886","35.8332"
"16 Jan 2023","1833","364 DAY BILL","26.4247","35.9152"
"09 Jan 2023","1832","91 DAY BILL","32.7407","35.6595"
"09 Jan 2023","1832","182 DAY BILL","30.4704","35.9470"
"02 Jan 2023","1831","91 DAY BILL","32.4909","35.3634"
"02 Jan 2023","1831","182 DAY BILL","30.4938","35.9796"
"02 Jan 2023","1831","364 DAY BILL","26.4135","35.8945"
"26 Dec 2022","1830","91 DAY BILL","32.4888","35.3609"
"26 Dec 2022","1830","182 DAY BILL","30.4388","35.9030"
"19 Dec 2022","1829","91 DAY BILL","32.1228","34.9277"
"19 Dec 2022","1829","182 DAY BILL","30.5327","36.0337"
"19 Dec 2022","1829","364 DAY BILL","26.5268","36.1040"
"12 Dec 2022","1828","91 DAY BILL","32.6642","35.5688"
"12 Dec 2022","1828","182 DAY BILL","30.8875","36.5289"
"12 Dec 2022","1828","364 DAY BILL","26.5716","36.1871"
"05 Dec 2022","1827","91 DAY BILL","33.1811","36.1825"
"05 Dec 2022","1827","182 DAY BILL","31.0295","36.7277"
"28 Nov 2022","1826","91 DAY BILL","32.6422","35.5427"
"28 Nov 2022","1826","182 DAY BILL","30.7788","36.3770"
"28 Nov 2022","1826","364 DAY BILL","26.4145","35.8963"
"21 Nov 2022","1825","91 DAY BILL","32.3501","35.1966"
"21 Nov 2022","1825","182 DAY BILL","30.5002","35.9885"
"14 Nov 2022","1824","91 DAY BILL","31.6712","34.3945"
"14 Nov 2022","1824","182 DAY BILL","30.1481","35.4993"
"14 Nov 2022","1824","364 DAY BILL","25.9681","35.0769"
"07 Nov 2022","1823","91 DAY BILL","30.7755","33.3407"
"07 Nov 2022","1823","182 DAY BILL","29.6793","34.8511"
"07 Nov 2022","1823","364 DAY BILL","25.8149","34.7980"
"31 Oct 2022","1822","91 DAY BILL","30.2326","32.7045"
"31 Oct 2022","1822","182 DAY BILL","29.2515","34.2627"
"31 Oct 2022","1822","364 DAY BILL","25.0132","33.3568"
"24 Oct 2022","1821","91 DAY BILL","29.7628","32.1554"
"24 Oct 2022","1821","182 DAY BILL","28.3840","33.0785"
"17 Oct 2022","1820","91 DAY BILL","29.1096","31.3943"
"17 Oct 2022","1820","182 DAY BILL","27.7614","32.2360"
"17 Oct 2022","1820","364 DAY BILL","24.2820","32.0690"
"10 Oct 2022","1819","91 DAY BILL","28.7388","30.9634"
"10 Oct 2022","1819","182 DAY BILL","27.5417","31.9401"
"03 Oct 2022","1818","91 DAY BILL","28.2986","30.4530"
"03 Oct 2022","1818","182 DAY BILL","27.2647","31.5682"
"03 Oct 2022","1818","364 DAY BILL","23.9817","31.5473"
"26 Sep 2022","1817","91 DAY BILL","28.0627","30.1800"
"26 Sep 2022","1817","182 DAY BILL","27.0953","31.3413"
"19 Sep 2022","1816","91 DAY BILL","27.8262","29.9067"
"19 Sep 2022","1816","182 DAY BILL","26.9477","31.1440"
"19 Sep 2022","1816","364 DAY BILL","23.3558","30.4730"
"12 Sep 2022","1815","91 DAY BILL","27.4597","29.4837"
"12 Sep 2022","1815","182 DAY BILL","26.8795","31.0529"
"05 Sep 2022","1814","91 DAY BILL","27.0789","29.0452"
"05 Sep 2022","1814","182 DAY BILL","26.2586","30.2272"
"05 Sep 2022","1814","364 DAY BILL","23.0867","30.0165"
"29 Aug 2022","1813","91 DAY BILL","26.7039","28.6142"
"29 Aug 2022","1813","182 DAY BILL","26.0427","29.9415"
"29 Aug 2022","1813","364 DAY BILL","22.7934","29.5226"
"22 Aug 2022","1812","91 DAY BILL","25.9246","27.7213"
"22 Aug 2022","1812","182 DAY BILL","25.5496","29.2915"
"15 Aug 2022","1811","91 DAY BILL","25.5923","27.3416"
"15 Aug 2022","1811","182 DAY BILL","25.1245","28.7342"
"15 Aug 2022","1811","364 DAY BILL","22.3755","28.8253"
"08 Aug 2022","1810","364 DAY BILL","22.1213","28.4048"
"08 Aug 2022","1810","91 DAY BILL","25.3288","27.0411"
"08 Aug 2022","1810","182 DAY BILL","24.9523","28.5091"
"01 Aug 2022","1809","91 DAY BILL","25.0424","26.7149"
"01 Aug 2022","1809","182 DAY BILL","24.7575","28.2551"
"25 Jul 2022","1808","3 YR FXR BOND","29.8500","29.8500"
"25 Jul 2022","1808","91 DAY BILL","24.7129","26.3403"
"25 Jul 2022","1808","182 DAY BILL","24.6086","28.0614"
"25 Jul 2022","1808","364 DAY BILL","21.7863","27.8548"
"18 Jul 2022","1807","182 DAY BILL","24.1461","27.4615"
"18 Jul 2022","1807","91 DAY BILL","24.3735","25.9550"
"11 Jul 2022","1806","91 DAY BILL","24.3193","25.8936"
"11 Jul 2022","1806","182 DAY BILL","23.4367","26.5476"
"11 Jul 2022","1806","364 DAY BILL","21.5625","27.4900"
"04 Jul 2022","1805","91 DAY BILL","24.3092","25.8821"
"04 Jul 2022","1805","182 DAY BILL","23.4555","26.5718"
"27 Jun 2022","1804","91 DAY BILL","24.0940","25.6383"
"27 Jun 2022","1804","182 DAY BILL","23.3222","26.4008"
"27 Jun 2022","1804","364 DAY BILL","21.5238","27.4272"
"20 Jun 2022","1803","91 DAY BILL","23.2462","24.6805"
"20 Jun 2022","1803","182 DAY BILL","22.9958","25.9833"
"13 Jun 2022","1802","91 DAY BILL","22.3735","23.6991"
"13 Jun 2022","1802","182 DAY BILL","22.5442","25.4082"
"13 Jun 2022","1802","364 DAY BILL","21.1746","26.8627"
"06 Jun 2022","1801","91 DAY BILL","21.3684","22.5743"
"06 Jun 2022","1801","182 DAY BILL","21.7552","24.4105"
"30 May 2022","1800","91 DAY BILL","18.9922","19.9389"
"30 May 2022","1800","182 DAY BILL","20.5875","22.9499"
"30 May 2022","1800","364 DAY BILL","19.6553","24.4637"
"23 May 2022","1799","3 YR FXR BOND","25.0000","25.0000"
"23 May 2022","1799","91 DAY BILL","18.2120","19.0807"
"23 May 2022","1799","182 DAY BILL","18.8111","20.7641"
"16 May 2022","1798","91 DAY BILL","17.4319","18.2262"
"16 May 2022","1798","182 DAY BILL","17.5701","19.2623"
"16 May 2022","1798","364 DAY BILL","17.7285","21.5488"
"09 May 2022","1797","91 DAY BILL","17.1150","17.8800"
"09 May 2022","1797","182 DAY BILL","17.1896","18.8059"
"09 May 2022","1797","2 YR FXR NOTE","21.5000","21.5000"
"09 May 2022","1797","5 YR FXR BOND","22.3000","22.3000"
"09 May 2022","1797","364 DAY BILL","17.1171","20.6521"
"02 May 2022","1796","91 DAY BILL","16.6825","17.4085"
"02 May 2022","1796","182 DAY BILL","16.9561","18.5268"
"25 Apr 2022","1795","91 DAY BILL","16.1057","16.7814"
"25 Apr 2022","1795","182 DAY BILL","16.0279","17.4243"
"25 Apr 2022","1795","364 DAY BILL","16.4393","19.6735"
"18 Apr 2022","1794","91 DAY BILL","15.6883","16.3287"
"18 Apr 2022","1794","182 DAY BILL","15.0849","16.3155"
"18 Apr 2022","1794","364 DAY BILL","15.8613","18.8514"
"11 Apr 2022","1793","3 YR FXR BOND","20.8500","20.8500"
"11 Apr 2022","1793","91 DAY BILL","15.1447","15.7407"
"11 Apr 2022","1793","182 DAY BILL","14.7517","15.9264"
"11 Apr 2022","1793","364 DAY BILL","15.4503","18.2736"
"04 Apr 2022","1792","91 DAY BILL","14.3143","14.8456"
"04 Apr 2022","1792","182 DAY BILL","14.3504","15.4597"
"28 Mar 2022","1791","91 DAY BILL","13.6605","14.1435"
"28 Mar 2022","1791","182 DAY BILL","13.5307","14.5125"
"28 Mar 2022","1791","364 DAY BILL","14.6066","17.1051"
"21 Mar 2022","1790","91 DAY BILL","12.9799","13.4152"
"21 Mar 2022","1790","182 DAY BILL","12.7424","13.6095"
"14 Mar 2022","1789","5 YR FXR BOND","20.7500","20.7500"
"14 Mar 2022","1789","91 DAY BILL","12.8288","13.2539"
"14 Mar 2022","1789","182 DAY BILL","12.6923","13.5524"
"14 Mar 2022","1789","364 DAY BILL","14.4980","16.9563"
"07 Mar 2022","1788","91 DAY BILL","12.7238","13.1418"
"07 Mar 2022","1788","182 DAY BILL","12.5304","13.3679"
"07 Mar 2022","1788","364 DAY BILL","14.4975","16.9556"
"28 Feb 2022","1787","91 DAY BILL","12.6160","13.0269"
"28 Feb 2022","1787","182 DAY BILL","12.4782","13.3085"
"28 Feb 2022","1787","364 DAY BILL","14.4983","16.9567"
"21 Feb 2022","1786","91 DAY BILL","12.5106","12.9145"
"21 Feb 2022","1786","182 DAY BILL","12.4659","13.2945"
"14 Feb 2022","1785","2 YR FXR NOTE","19.7500","19.7500"
"14 Feb 2022","1785","91 DAY BILL","12.2953","12.6852"
"14 Feb 2022","1785","182 DAY BILL","12.4312","13.2551"
"14 Feb 2022","1785","364 DAY BILL","14.5206","16.9873"
"07 Feb 2022","1784","91 DAY BILL","12.2759","12.6646"
"07 Feb 2022","1784","182 DAY BILL","12.4134","13.2348"
"31 Jan 2022","1783","91 DAY BILL","12.2467","12.6335"
"31 Jan 2022","1783","182 DAY BILL","12.4065","13.2270"
"31 Jan 2022","1783","364 DAY BILL","14.3429","16.7446"
"24 Jan 2022","1782","91 DAY BILL","12.1646","12.5461"
"24 Jan 2022","1782","182 DAY BILL","12.3934","13.2121"
"24 Jan 2022","1782","364 DAY BILL","14.3126","16.7033"
"24 Jan 2022","1782","6 YR FXR BOND","21.7500","21.7500"
"17 Jan 2022","1781","91 DAY BILL","12.1412","12.5213"
"17 Jan 2022","1781","182 DAY BILL","12.3908","13.2092"
"10 Jan 2022","1780","91 DAY BILL","12.1446","12.5249"
"10 Jan 2022","1780","182 DAY BILL","12.3810","13.1980"
"03 Jan 2022","1779","91 DAY BILL","12.1453","12.5256"
"03 Jan 2022","1779","182 DAY BILL","12.3928","13.2114"
"03 Jan 2022","1779","364 DAY BILL","14.2689","16.6438"
"03 Jan 2022","1779","3 YR FXR BOND","20.5000","20.5000"
"27 Dec 2021","1778","91 DAY BILL","12.1326","12.5121"
"27 Dec 2021","1778","182 DAY BILL","12.3702","13.1858"
"20 Dec 2021","1777","5 YR FXR BOND","21.0000","21.0000"
"20 Dec 2021","1777","91 DAY BILL","12.1276","12.5068"
"20 Dec 2021","1777","182 DAY BILL","12.3863","13.2040"
"20 Dec 2021","1777","364 DAY BILL","14.2111","16.5652"
"13 Dec 2021","1776","91 DAY BILL","12.0947","12.4718"
"13 Dec 2021","1776","182 DAY BILL","12.3775","13.1940"
"13 Dec 2021","1776","364 DAY BILL","14.0606","16.3611"
"06 Dec 2021","1775","2 YR FXR NOTE","19.7500","19.7500"
"06 Dec 2021","1775","91 DAY BILL","12.1009","12.4784"
"06 Dec 2021","1775","182 DAY BILL","12.3525","13.1656"
"29 Nov 2021","1774","91 DAY BILL","12.1228","12.5017"
"29 Nov 2021","1774","182 DAY BILL","12.3550","13.1685"
"29 Nov 2021","1774","364 DAY BILL","14.0169","16.3019"
"22 Nov 2021","1773","91 DAY BILL","12.1176","12.4962"
"22 Nov 2021","1773","182 DAY BILL","12.3715","13.1872"
"15 Nov 2021","1772","91 DAY BILL","12.1058","12.4836"
"15 Nov 2021","1772","182 DAY BILL","12.3971","13.2163"
"08 Nov 2021","1771","2 YR FXR NOTE","20.0000","20.0000"
"08 Nov 2021","1771","91 DAY BILL","12.1049","12.4827"
"08 Nov 2021","1771","182 DAY BILL","12.3503","13.1631"
"08 Nov 2021","1771","364 DAY BILL","14.0053","16.2862"
"01 Nov 2021","1770","91 DAY BILL","12.0708","12.4464"
"01 Nov 2021","1770","182 DAY BILL","12.3109","13.1184"
"01 Nov 2021","1770","364 DAY BILL","13.9716","16.2407"
"25 Oct 2021","1769","91 DAY BILL","12.0831","12.4595"
"25 Oct 2021","1769","182 DAY BILL","12.3448","13.1569"
"18 Oct 2021","1768","91 DAY BILL","12.0713","12.4469"
"18 Oct 2021","1768","182 DAY BILL","12.3332","13.1437"
"18 Oct 2021","1768","364 DAY BILL","13.9903","16.2660"
"18 Oct 2021","1768","3 YR FXR BOND","19.0000","19.0000"
"11 Oct 2021","1767","91 DAY BILL","12.0970","12.4743"
"11 Oct 2021","1767","182 DAY BILL","12.3403","13.1518"
"04 Oct 2021","1766","91 DAY BILL","12.0960","12.4732"
"04 Oct 2021","1766","182 DAY BILL","12.3624","13.1769"
"04 Oct 2021","1766","364 DAY BILL","13.9512","16.2131"
"27 Sep 2021","1765","91 DAY BILL","12.1142","12.4925"
"27 Sep 2021","1765","182 DAY BILL","12.3964","13.2155"
"27 Sep 2021","1765","2 YR FXR NOTE","17.5000","17.5000"
"20 Sep 2021","1764","91 DAY BILL","12.1161","12.4946"
"20 Sep 2021","1764","182 DAY BILL","12.3593","13.1734"
"20 Sep 2021","1764","364 DAY BILL","13.8939","16.1358"
"13 Sep 2021","1763","6 YR FXR BOND","18.8000","18.8000"
"13 Sep 2021","1763","91 DAY BILL","12.0751","12.4510"
"13 Sep 2021","1763","182 DAY BILL","12.3933","13.2120"
"06 Sep 2021","1762","91 DAY BILL","12.0741","12.4499"
"06 Sep 2021","1762","182 DAY BILL","12.3785","13.1952"
"06 Sep 2021","1762","364 DAY BILL","13.8670","16.0995"
"30 Aug 2021","1761","91 DAY BILL","12.0857","12.4622"
"30 Aug 2021","1761","182 DAY BILL","12.4038","13.2239"
"23 Aug 2021","1760","91 DAY BILL","12.0490","12.4232"
"23 Aug 2021","1760","182 DAY BILL","12.3893","13.2075"
"16 Aug 2021","1759","91 DAY BILL","12.0931","12.4701"
"16 Aug 2021","1759","182 DAY BILL","12.4316","13.2555"
"16 Aug 2021","1759","364 DAY BILL","13.8773","16.1134"
"09 Aug 2021","1758","91 DAY BILL","12.1414","12.5215"
"09 Aug 2021","1758","182 DAY BILL","12.4763","13.3064"
"09 Aug 2021","1758","364 DAY BILL","14.0066","16.2880"
"02 Aug 2021","1757","2 YR FXR NOTE","17.2500","17.2500"
"02 Aug 2021","1757","91 DAY BILL","12.1667","12.5484"
"02 Aug 2021","1757","182 DAY BILL","12.5329","13.3708"
"26 Jul 2021","1756","91 DAY BILL","12.1800","12.5625"
"26 Jul 2021","1756","182 DAY BILL","12.5265","13.3635"
"26 Jul 2021","1756","364 DAY BILL","14.0881","16.3983"
"19 Jul 2021","1755","10 YR FXR BOND","19.7500","19.7500"
"19 Jul 2021","1755","91 DAY BILL","12.1759","12.5582"
"19 Jul 2021","1755","182 DAY BILL","12.5226","13.3591"
"12 Jul 2021","1754","91 DAY BILL","12.1811","12.5637"
"12 Jul 2021","1754","182 DAY BILL","12.5301","13.3676"
"12 Jul 2021","1754","364 DAY BILL","14.0304","16.3202"
"05 Jul 2021","1753","182 DAY BILL","12.5395","13.3783"
"05 Jul 2021","1753","91 DAY BILL","12.2033","12.5873"
"28 Jun 2021","1752","91 DAY BILL","12.2384","12.6247"
"28 Jun 2021","1752","182 DAY BILL","12.5407","13.3797"
"28 Jun 2021","1752","364 DAY BILL","14.0398","16.3329"
"21 Jun 2021","1751","7 YR FXR BOND","18.1000","18.1000"
"21 Jun 2021","1751","91 DAY BILL","12.2405","12.6269"
"21 Jun 2021","1751","182 DAY BILL","12.5495","13.3897"
"14 Jun 2021","1750","91 DAY BILL","12.2523","12.6395"
"14 Jun 2021","1750","182 DAY BILL","12.5764","13.4203"
"14 Jun 2021","1750","364 DAY BILL","14.0431","16.3374"
"07 Jun 2021","1749","91 DAY BILL","12.3149","12.7061"
"07 Jun 2021","1749","182 DAY BILL","12.5848","13.4299"
"31 May 2021","1748","182 DAY BILL","12.6512","13.5055"
"31 May 2021","1748","364 DAY BILL","14.1536","16.4871"
"31 May 2021","1748","91 DAY BILL","12.3842","12.7799"
"24 May 2021","1747","91 DAY BILL","12.3623","12.7566"
"24 May 2021","1747","182 DAY BILL","12.6816","13.5402"
"17 May 2021","1746","91 DAY BILL","12.3918","12.7880"
"17 May 2021","1746","182 DAY BILL","12.6922","13.5522"
"17 May 2021","1746","364 DAY BILL","14.1037","16.4194"
"17 May 2021","1746","5 YR FXR BOND","18.8000","18.8000"
"10 May 2021","1745","91 DAY BILL","12.3935","12.7898"
"10 May 2021","1745","182 DAY BILL","12.7084","13.5707"
"03 May 2021","1744","91 DAY BILL","12.4376","12.8367"
"03 May 2021","1744","182 DAY BILL","12.6726","13.5299"
"26 Apr 2021","1743","91 DAY BILL","12.3856","12.7814"
"26 Apr 2021","1743","182 DAY BILL","12.7124","13.5753"
"26 Apr 2021","1743","364 DAY BILL","14.1820","16.5257"
"19 Apr 2021","1742","91 DAY BILL","12.3983","12.7949"
"19 Apr 2021","1742","182 DAY BILL","12.6769","13.5348"
"12 Apr 2021","1741","91 DAY BILL","12.4123","12.8098"
"12 Apr 2021","1741","182 DAY BILL","12.7399","13.6066"
"12 Apr 2021","1741","364 DAY BILL","14.1230","16.4456"
"05 Apr 2021","1740","91 DAY BILL","12.4456","12.8453"
"05 Apr 2021","1740","182 DAY BILL","12.7494","13.6175"
"29 Mar 2021","1739","91 DAY BILL","12.4729","12.8744"
"29 Mar 2021","1739","182 DAY BILL","12.7814","13.6540"
"29 Mar 2021","1739","364 DAY BILL","14.2159","16.5717"
"22 Mar 2021","1738","3 YR FXR BOND","17.7000","17.7000"
"22 Mar 2021","1738","91 DAY BILL","12.4934","12.8962"
"22 Mar 2021","1738","182 DAY BILL","12.7843","13.6573"
"15 Mar 2021","1737","91 DAY BILL","12.6141","13.0248"
"15 Mar 2021","1737","182 DAY BILL","12.9523","13.8492"
"15 Mar 2021","1737","364 DAY BILL","14.2853","16.6661"
"08 Mar 2021","1736","91 DAY BILL","12.6366","13.0488"
"08 Mar 2021","1736","182 DAY BILL","12.9646","13.8633"
"08 Mar 2021","1736","364 DAY BILL","14.3521","16.7571"
"08 Mar 2021","1736","5 YR FXR BOND","18.3000","18.3000"
"01 Mar 2021","1735","91 DAY BILL","12.8430","13.2690"
"01 Mar 2021","1735","182 DAY BILL","12.9895","13.8917"
"01 Mar 2021","1735","364 DAY BILL","14.3800","16.7951"
"22 Feb 2021","1734","91 DAY BILL","12.6968","13.1130"
"22 Feb 2021","1734","182 DAY BILL","13.0407","13.9503"
"22 Feb 2021","1734","2 YR FXR NOTE","17.6000","17.6000"
"15 Feb 2021","1733","91 DAY BILL","12.8085","13.2322"
"15 Feb 2021","1733","182 DAY BILL","13.0527","13.9640"
"15 Feb 2021","1733","364 DAY BILL","14.4269","16.8592"
"08 Feb 2021","1732","91 DAY BILL","13.3553","13.8166"
"08 Feb 2021","1732","182 DAY BILL","13.0930","14.0102"
"01 Feb 2021","1731","91 DAY BILL","13.5812","14.0585"
"01 Feb 2021","1731","182 DAY BILL","13.1650","14.0926"
"01 Feb 2021","1731","364 DAY BILL","14.5004","16.9596"
"25 Jan 2021","1730","6 YR FXR BOND","19.2500","19.2500"
"25 Jan 2021","1730","91 DAY BILL","13.6038","14.0827"
"25 Jan 2021","1730","182 DAY BILL","13.2000","14.1328"
"25 Jan 2021","1730","364 DAY BILL","14.5040","16.9645"
"18 Jan 2021","1729","91 DAY BILL","13.6088","14.0881"
"18 Jan 2021","1729","182 DAY BILL","13.2091","14.1432"
"11 Jan 2021","1728","91 DAY BILL","13.6134","14.0930"
"11 Jan 2021","1728","182 DAY BILL","13.2096","14.1438"
"04 Jan 2021","1727","2 YR FXR NOTE","18.5000","18.5000"
"04 Jan 2021","1727","91 DAY BILL","13.6159","14.0957"
"04 Jan 2021","1727","182 DAY BILL","13.2148","14.1497"
"04 Jan 2021","1727","364 DAY BILL","14.5035","16.9639"
"28 Dec 2020","1726","182 DAY BILL","13.1892","14.1204"
"28 Dec 2020","1726","91 DAY BILL","13.6101","14.0895"
"21 Dec 2020","1725","182 DAY BILL","13.1961","14.1283"
"21 Dec 2020","1725","91 DAY BILL","13.6074","14.0866"
"21 Dec 2020","1725","364 DAY BILL","14.5276","16.9968"
"21 Dec 2020","1725","3 YR FXR BOND","19.2500","19.2500"
"14 Dec 2020","1724","91 DAY BILL","13.5988","14.0774"
"14 Dec 2020","1724","182 DAY BILL","13.1827","14.1129"
"14 Dec 2020","1724","364 DAY BILL","14.5214","16.9883"
"07 Dec 2020","1723","2 YR FXR NOTE","18.5000","18.5000"
"07 Dec 2020","1723","91 DAY BILL","13.5937","14.0719"
"07 Dec 2020","1723","182 DAY BILL","13.1945","14.1265"
"30 Nov 2020","1722","3 YR FXR BOND","19.2500","19.2500"
"30 Nov 2020","1722","91 DAY BILL","13.5965","14.0749"
"30 Nov 2020","1722","182 DAY BILL","13.2038","14.1371"
"30 Nov 2020","1722","364 DAY BILL","14.5058","16.9670"
"23 Nov 2020","1721","91 DAY BILL","13.5868","14.0645"
"23 Nov 2020","1721","182 DAY BILL","13.1953","14.1274"
"16 Nov 2020","1720","91 DAY BILL","13.5316","14.0054"
"16 Nov 2020","1720","182 DAY BILL","13.1787","14.1083"
"16 Nov 2020","1720","7 YR FXR BOND","20.5000","20.5000"
"09 Nov 2020","1719","91 DAY BILL","13.5865","14.0642"
"09 Nov 2020","1719","182 DAY BILL","13.1979","14.1304"
"09 Nov 2020","1719","364 DAY BILL","14.5090","16.9714"
"09 Nov 2020","1719","2 YR FXR NOTE","18.5000","18.5000"
"02 Nov 2020","1718","91 DAY BILL","13.5821","14.0595"
"02 Nov 2020","1718","182 DAY BILL","13.1688","14.0970"
"02 Nov 2020","1718","364 DAY BILL","14.5080","16.9700"
"26 Oct 2020","1717","91 DAY BILL","13.5781","14.0552"
"26 Oct 2020","1717","182 DAY BILL","13.1869","14.1177"
"19 Oct 2020","1716","5 YR FXR BOND","19.8500","19.8500"
"19 Oct 2020","1716","91 DAY BILL","13.5623","14.0383"
"19 Oct 2020","1716","182 DAY BILL","13.1584","14.0851"
"19 Oct 2020","1716","364 DAY BILL","14.5280","16.9974"
"12 Oct 2020","1715","91 DAY BILL","13.5766","14.0536"
"12 Oct 2020","1715","182 DAY BILL","13.1794","14.1092"
"05 Oct 2020","1714","2 YR FXR NOTE","18.5000","18.5000"
"05 Oct 2020","1714","91 DAY BILL","13.5696","14.0461"
"05 Oct 2020","1714","182 DAY BILL","13.2051","14.1386"
"05 Oct 2020","1714","364 DAY BILL","14.5156","16.9804"
"28 Sep 2020","1713","91 DAY BILL","13.5599","14.0357"
"28 Sep 2020","1713","182 DAY BILL","13.2131","14.1478"
"21 Sep 2020","1712","3 YR FXR BOND","19.0000","19.0000"
"21 Sep 2020","1712","91 DAY BILL","13.5322","14.0060"
"21 Sep 2020","1712","182 DAY BILL","13.1903","14.1216"
"21 Sep 2020","1712","364 DAY BILL","14.5201","16.9866"
"14 Sep 2020","1711","91 DAY BILL","13.5470","14.0219"
"14 Sep 2020","1711","182 DAY BILL","13.1608","14.0878"
"07 Sep 2020","1710","91 DAY BILL","13.5426","14.0172"
"07 Sep 2020","1710","182 DAY BILL","13.1765","14.1058"
"07 Sep 2020","1710","364 DAY BILL","14.4660","16.9126"
"31 Aug 2020","1709","91 DAY BILL","13.5825","14.0599"
"31 Aug 2020","1709","182 DAY BILL","13.1514","14.0771"
"31 Aug 2020","1709","2 YR FXR NOTE","18.2500","18.2500"
"24 Aug 2020","1708","91 DAY BILL","13.5608","14.0367"
"24 Aug 2020","1708","182 DAY BILL","13.1810","14.1110"
"17 Aug 2020","1707","7 YR FXR BOND","20.0000","20.0000"
"17 Aug 2020","1707","91 DAY BILL","13.5307","14.0044"
"17 Aug 2020","1707","182 DAY BILL","13.1816","14.1117"
"17 Aug 2020","1707","364 DAY BILL","14.4088","16.8344"
"10 Aug 2020","1706","182 DAY BILL","13.1522","14.0780"
"10 Aug 2020","1706","364 DAY BILL","14.4885","16.9433"
"10 Aug 2020","1706","91 DAY BILL","13.5141","13.9866"
"03 Aug 2020","1705","91 DAY BILL","13.5203","13.9933"
"03 Aug 2020","1705","182 DAY BILL","13.1295","14.0520"
"27 Jul 2020","1704","91 DAY BILL","13.4972","13.9685"
"27 Jul 2020","1704","182 DAY BILL","13.1305","14.0531"
"27 Jul 2020","1704","364 DAY BILL","14.3977","16.8193"
"20 Jul 2020","1703","6 YR FXR BOND","19.5000","19.5000"
"20 Jul 2020","1703","91 DAY BILL","13.4056","13.8705"
"20 Jul 2020","1703","182 DAY BILL","13.1347","14.0579"
"13 Jul 2020","1702","91 DAY BILL","13.5162","13.9889"
"13 Jul 2020","1702","182 DAY BILL","13.1019","14.0204"
"13 Jul 2020","1702","364 DAY BILL","14.4685","16.9160"
"06 Jul 2020","1701","91 DAY BILL","13.5011","13.9727"
"06 Jul 2020","1701","182 DAY BILL","13.1608","14.0878"
"29 Jun 2020","1700","5 YR FXR BOND","19.2500","19.2500"
"29 Jun 2020","1700","91 DAY BILL","13.4823","13.9526"
"29 Jun 2020","1700","182 DAY BILL","13.0972","14.0150"
"29 Jun 2020","1700","364 DAY BILL","14.4523","16.8938"
"22 Jun 2020","1699","91 DAY BILL","13.5349","14.0089"
"22 Jun 2020","1699","182 DAY BILL","13.1322","14.0551"
"15 Jun 2020","1698","91 DAY BILL","13.4608","13.9296"
"15 Jun 2020","1698","182 DAY BILL","13.1156","14.0361"
"15 Jun 2020","1698","364 DAY BILL","14.4166","16.8451"
"08 Jun 2020","1697","91 DAY BILL","13.4815","13.9517"
"08 Jun 2020","1697","182 DAY BILL","13.1334","14.0564"
"01 Jun 2020","1696","3 YR FXR BOND","18.8500","18.8500"
"01 Jun 2020","1696","91 DAY BILL","13.5450","14.0197"
"01 Jun 2020","1696","182 DAY BILL","13.1487","14.0740"
"01 Jun 2020","1696","364 DAY BILL","14.4426","16.8806"
"25 May 2020","1695","91 DAY BILL","13.5843","14.0619"
"25 May 2020","1695","182 DAY BILL","13.1251","14.0469"
"18 May 2020","1694","91 DAY BILL","13.4050","13.8698"
"18 May 2020","1694","182 DAY BILL","13.0875","14.0039"
"18 May 2020","1694","364 DAY BILL","14.3130","16.7038"
"11 May 2020","1693","2 YR FXR NOTE","18.7500","18.7500"
"11 May 2020","1693","182 DAY BILL","13.1006","14.0189"
"11 May 2020","1693","364 DAY BILL","14.3475","16.7508"
"11 May 2020","1693","91 DAY BILL","13.4802","13.9503"
"04 May 2020","1692","91 DAY BILL","13.4552","13.9236"
"04 May 2020","1692","182 DAY BILL","13.0899","14.0066"
"27 Apr 2020","1691","364 DAY BILL","14.3392","16.7395"
"27 Apr 2020","1691","91 DAY BILL","13.5500","14.0251"
"27 Apr 2020","1691","182 DAY BILL","13.1118","14.0317"
"20 Apr 2020","1690","3 YR FXR BOND","19.0000","19.0000"
"20 Apr 2020","1690","91 DAY BILL","13.3933","13.8573"
"20 Apr 2020","1690","182 DAY BILL","13.0726","13.9868"
"13 Apr 2020","1689","91 DAY BILL","13.4177","13.8834"
"13 Apr 2020","1689","182 DAY BILL","13.1938","14.1257"
"13 Apr 2020","1689","364 DAY BILL","14.3731","16.7857"
"06 Apr 2020","1688","91 DAY BILL","13.9356","14.4386"
"06 Apr 2020","1688","182 DAY BILL","13.9103","14.9501"
"30 Mar 2020","1687","91 DAY BILL","14.1215","14.6383"
"30 Mar 2020","1687","182 DAY BILL","14.0849","15.1520"
"30 Mar 2020","1687","364 DAY BILL","15.0000","17.6471"
"23 Mar 2020","1686","91 DAY BILL","14.2291","14.7539"
"23 Mar 2020","1686","182 DAY BILL","14.1099","15.1809"
"23 Mar 2020","1686","5 YR FXR BOND","21.7000","21.7000"
"16 Mar 2020","1685","91 DAY BILL","14.2334","14.7586"
"16 Mar 2020","1685","182 DAY BILL","14.1067","15.1772"
"16 Mar 2020","1685","364 DAY BILL","15.1124","17.8028"
"09 Mar 2020","1684","3 YR FXR BOND","20.7500","20.7500"
"09 Mar 2020","1684","91 DAY BILL","14.2256","14.7502"
"09 Mar 2020","1684","182 DAY BILL","14.1177","15.1899"
"09 Mar 2020","1684","364 DAY BILL","15.1013","17.7874"
"02 Mar 2020","1683","91 DAY BILL","14.2091","14.7324"
"02 Mar 2020","1683","182 DAY BILL","14.1019","15.1716"
"02 Mar 2020","1683","364 DAY BILL","15.0460","17.7108"
"24 Feb 2020","1682","91 DAY BILL","14.2290","14.7538"
"24 Feb 2020","1682","182 DAY BILL","14.1039","15.1740"
"17 Feb 2020","1681","91 DAY BILL","14.1760","14.6969"
"17 Feb 2020","1681","182 DAY BILL","14.1115","15.1828"
"17 Feb 2020","1681","364 DAY BILL","15.1171","17.8094"
"17 Feb 2020","1681","2 YR FXR NOTE","20.2000","20.2000"
"10 Feb 2020","1680","91 DAY BILL","14.1799","14.7010"
"10 Feb 2020","1680","182 DAY BILL","14.1127","15.1841"
"03 Feb 2020","1679","91 DAY BILL","14.1740","14.6947"
"03 Feb 2020","1679","182 DAY BILL","14.0784","15.1444"
"03 Feb 2020","1679","364 DAY BILL","15.1173","17.8096"
"27 Jan 2020","1678","91 DAY BILL","14.1694","14.6898"
"27 Jan 2020","1678","182 DAY BILL","14.0812","15.1477"
"27 Jan 2020","1678","364 DAY BILL","15.1689","17.8813"
"20 Jan 2020","1677","3 YR FXR BOND","20.7500","20.7500"
"20 Jan 2020","1677","91 DAY BILL","14.1810","14.7022"
"20 Jan 2020","1677","182 DAY BILL","14.0995","15.1689"
"13 Jan 2020","1676","91 DAY BILL","14.1729","14.6935"
"13 Jan 2020","1676","182 DAY BILL","14.1028","15.1727"
"06 Jan 2020","1675","91 DAY BILL","14.1508","14.6698"
"06 Jan 2020","1675","182 DAY BILL","14.1018","15.1715"
"06 Jan 2020","1675","364 DAY BILL","15.1355","17.8349"
"30 Dec 2019","1674","91 DAY BILL","14.1755","14.6963"
"30 Dec 2019","1674","182 DAY BILL","14.0812","15.1477"
"23 Dec 2019","1673","91 DAY BILL","14.1753","14.6961"
"23 Dec 2019","1673","182 DAY BILL","14.0895","15.1573"
"23 Dec 2019","1673","364 DAY BILL","15.1822","17.8998"
"16 Dec 2019","1672","91 DAY BILL","14.1760","14.6969"
"16 Dec 2019","1672","182 DAY BILL","14.0823","15.1490"
"16 Dec 2019","1672","364 DAY BILL","15.1798","17.8964"
"09 Dec 2019","1671","2 YR FXR NOTE","20.9500","20.9500"
"09 Dec 2019","1671","91 DAY BILL","14.1681","14.6884"
"09 Dec 2019","1671","182 DAY BILL","14.0821","15.1487"
"02 Dec 2019","1670","364 DAY BILL","15.1318","17.8298"
"02 Dec 2019","1670","182 DAY BILL","14.0767","15.1425"
"02 Dec 2019","1670","91 DAY BILL","14.1637","14.6836"
"25 Nov 2019","1669","91 DAY BILL","14.1774","14.6984"
"25 Nov 2019","1669","182 DAY BILL","14.0725","15.1376"
"18 Nov 2019","1668","91 DAY BILL","14.1673","14.6875"
"18 Nov 2019","1668","182 DAY BILL","14.0711","15.1360"
"18 Nov 2019","1668","364 DAY BILL","15.1889","17.9091"
"11 Nov 2019","1667","2 YR FXR NOTE","19.5000","19.5000"
"11 Nov 2019","1667","91 DAY BILL","14.1677","14.6879"
"11 Nov 2019","1667","182 DAY BILL","14.0654","15.1294"
"11 Nov 2019","1667","364 DAY BILL","15.1965","17.9197"
"04 Nov 2019","1666","91 DAY BILL","14.1670","14.6872"
"04 Nov 2019","1666","182 DAY BILL","14.0696","15.1343"
"28 Oct 2019","1665","91 DAY BILL","14.1650","14.6850"
"28 Oct 2019","1665","182 DAY BILL","14.0744","15.1398"
"21 Oct 2019","1664","91 DAY BILL","14.1703","14.6907"
"21 Oct 2019","1664","182 DAY BILL","14.0560","15.1185"
"21 Oct 2019","1664","364 DAY BILL","15.1852","17.9040"
"14 Oct 2019","1663","91 DAY BILL","14.1711","14.6916"
"14 Oct 2019","1663","182 DAY BILL","14.0721","15.1372"
"07 Oct 2019","1662","182 DAY BILL","14.0799","15.1462"
"07 Oct 2019","1662","364 DAY BILL","15.1901","17.9108"
"07 Oct 2019","1662","91 DAY BILL","14.1633","14.6832"
"30 Sep 2019","1661","91 DAY BILL","14.1695","14.6899"
"30 Sep 2019","1661","182 DAY BILL","14.0793","15.1455"
"30 Sep 2019","1661","364 DAY BILL","15.1882","17.9081"
"30 Sep 2019","1661","2 YR FXR NOTE","19.0000","19.0000"
"23 Sep 2019","1660","91 DAY BILL","14.1639","14.6839"
"23 Sep 2019","1660","182 DAY BILL","14.0767","15.1425"
"23 Sep 2019","1660","364 DAY BILL","15.1900","17.9106"
"16 Sep 2019","1659","91 DAY BILL","14.1759","14.6967"
"16 Sep 2019","1659","182 DAY BILL","14.0708","15.1357"
"09 Sep 2019","1658","364 DAY BILL","15.1894","17.9098"
"09 Sep 2019","1658","91 DAY BILL","14.1598","14.6794"
"09 Sep 2019","1658","182 DAY BILL","14.0600","15.1232"
"02 Sep 2019","1657","91 DAY BILL","14.1582","14.6777"
"02 Sep 2019","1657","182 DAY BILL","14.0727","15.1379"
"26 Aug 2019","1656","20 YR FXR BOND","20.2000","20.2000"
"26 Aug 2019","1656","91 DAY BILL","14.1614","14.6812"
"26 Aug 2019","1656","182 DAY BILL","14.0723","15.1374"
"19 Aug 2019","1655","91 DAY BILL","14.1947","14.7170"
"19 Aug 2019","1655","182 DAY BILL","14.0786","15.1447"
"19 Aug 2019","1655","364 DAY BILL","15.1970","17.9204"
"12 Aug 2019","1654","91 DAY BILL","14.2092","14.7325"
"12 Aug 2019","1654","182 DAY BILL","14.0986","15.1678"
"12 Aug 2019","1654","364 DAY BILL","15.1871","17.9066"
"05 Aug 2019","1653","91 DAY BILL","14.2092","14.7325"
"05 Aug 2019","1653","182 DAY BILL","14.1003","15.1698"
"29 Jul 2019","1652","91 DAY BILL","14.2004","14.7231"
"29 Jul 2019","1652","182 DAY BILL","14.1012","15.1708"
"29 Jul 2019","1652","364 DAY BILL","15.1791","17.8955"
"29 Jul 2019","1652","15 YR FXR BOND","20.0000","20.0000"
"22 Jul 2019","1651","91 DAY BILL","14.2032","14.7261"
"22 Jul 2019","1651","182 DAY BILL","14.1042","15.1743"
"15 Jul 2019","1650","5 YR FXR BOND","19.5000","19.5000"
"15 Jul 2019","1650","91 DAY BILL","14.2064","14.7295"
"15 Jul 2019","1650","182 DAY BILL","14.1025","15.1723"
"15 Jul 2019","1650","364 DAY BILL","15.1668","17.8784"
"08 Jul 2019","1649","91 DAY BILL","14.1980","14.7205"
"08 Jul 2019","1649","182 DAY BILL","14.1023","15.1721"
"01 Jul 2019","1648","91 DAY BILL","14.2197","14.7438"
"01 Jul 2019","1648","182 DAY BILL","14.1263","15.1999"
"01 Jul 2019","1648","364 DAY BILL","15.1940","17.9162"
"24 Jun 2019","1647","91 DAY BILL","14.2453","14.7714"
"24 Jun 2019","1647","182 DAY BILL","14.1492","15.2264"
"24 Jun 2019","1647","10 YR FXR BOND","19.8000","19.8000"
"17 Jun 2019","1646","91 DAY BILL","14.2317","14.7567"
"17 Jun 2019","1646","182 DAY BILL","14.1640","15.2435"
"17 Jun 2019","1646","364 DAY BILL","15.1988","17.9229"
"10 Jun 2019","1645","91 DAY BILL","14.2234","14.7478"
"10 Jun 2019","1645","182 DAY BILL","14.1652","15.2449"
"03 Jun 2019","501","56 DAY BILL","15.6156","16.0000"
"03 Jun 2019","1644","91 DAY BILL","14.2953","14.8251"
"03 Jun 2019","1644","182 DAY BILL","14.2561","15.3503"
"03 Jun 2019","1644","364 DAY BILL","15.2539","17.9995"
"27 May 2019","1643","91 DAY BILL","14.3262","14.8584"
"27 May 2019","1643","182 DAY BILL","14.2846","15.3833"
"27 May 2019","1643","3 YR FXR BOND","19.7000","19.7000"
"20 May 2019","1642","91 DAY BILL","14.3825","14.9189"
"20 May 2019","1642","182 DAY BILL","14.3571","15.4674"
"20 May 2019","1642","364 DAY BILL","15.2582","18.0055"
"13 May 2019","1641","91 DAY BILL","14.3376","14.8706"
"13 May 2019","1641","182 DAY BILL","14.2589","15.3535"
"13 May 2019","1641","364 DAY BILL","15.2726","18.0256"
"06 May 2019","1640","91 DAY BILL","14.2319","14.7569"
"06 May 2019","1640","182 DAY BILL","14.2354","15.3263"
"29 Apr 2019","1639","91 DAY BILL","14.1499","14.6688"
"29 Apr 2019","1639","182 DAY BILL","14.0114","15.0669"
"29 Apr 2019","1639","364 DAY BILL","15.2618","18.0105"
"22 Apr 2019","1638","91 DAY BILL","14.1448","14.6633"
"22 Apr 2019","1638","182 DAY BILL","14.0126","15.0683"
"22 Apr 2019","1638","5 YR FXR BOND","19.7500","19.7500"
"15 Apr 2019","1637","91 DAY BILL","14.1862","14.7078"
"15 Apr 2019","1637","182 DAY BILL","14.0404","15.1005"
"15 Apr 2019","1637","364 DAY BILL","15.2881","18.0472"
"08 Apr 2019","1636","91 DAY BILL","14.1887","14.7105"
"08 Apr 2019","1636","182 DAY BILL","14.0566","15.1192"
"01 Apr 2019","1635","91 DAY BILL","14.2037","14.7266"
"01 Apr 2019","1635","182 DAY BILL","14.0958","15.1646"
"01 Apr 2019","1635","364 DAY BILL","15.3235","18.0965"
"25 Mar 2019","1634","91 DAY BILL","14.1953","14.7176"
"25 Mar 2019","1634","182 DAY BILL","14.0914","15.1595"
"18 Mar 2019","1633","91 DAY BILL","14.1929","14.7150"
"18 Mar 2019","1633","182 DAY BILL","14.0833","15.1501"
"18 Mar 2019","1633","364 DAY BILL","15.3904","18.1899"
"11 Mar 2019","1632","2 YR FXR NOTE","19.7500","19.7500"
"11 Mar 2019","1632","91 DAY BILL","14.1855","14.7071"
"11 Mar 2019","1632","182 DAY BILL","14.0810","15.1475"
"11 Mar 2019","489","56 DAY BILL","15.6156","16.0000"
"04 Mar 2019","1631","91 DAY BILL","14.1868","14.7085"
"04 Mar 2019","1631","182 DAY BILL","14.0676","15.1320"
"04 Mar 2019","1631","364 DAY BILL","15.2749","18.0288"
"04 Mar 2019","488","56 DAY BILL","15.6156","16.0000"
"25 Feb 2019","1630","2 YR FXR NOTE","19.7500","19.7500"
"25 Feb 2019","1630","91 DAY BILL","14.1863","14.7079"
"25 Feb 2019","1630","182 DAY BILL","14.0680","15.1324"
"18 Feb 2019","1629","91 DAY BILL","14.1888","14.7106"
"18 Feb 2019","1629","182 DAY BILL","14.0623","15.1258"
"11 Feb 2019","1628","91 DAY BILL","14.1875","14.7092"
"11 Feb 2019","1628","182 DAY BILL","14.0864","15.1537"
"11 Feb 2019","1628","364 DAY BILL","15.3661","18.1560"
"04 Feb 2019","1627","91 DAY BILL","14.1752","14.6960"
"04 Feb 2019","1627","182 DAY BILL","14.0785","15.1446"
"04 Feb 2019","1627","364 DAY BILL","15.4516","18.2754"
"04 Feb 2019","1627","6 YR FXR BOND","21.0000","21.0000"
"28 Jan 2019","1626","91 DAY BILL","14.1771","14.6980"
"28 Jan 2019","1626","182 DAY BILL","14.0790","15.1451"
"28 Jan 2019","1626","364 DAY BILL","15.4051","18.2104"
"21 Jan 2019","1625","91 DAY BILL","14.1704","14.6908"
"21 Jan 2019","1625","182 DAY BILL","14.0505","15.1122"
"14 Jan 2019","1624","91 DAY BILL","14.1103","14.6263"
"14 Jan 2019","1624","182 DAY BILL","14.0283","15.0865"
"14 Jan 2019","1624","364 DAY BILL","14.2126","16.5672"
"07 Jan 2019","1623","91 DAY BILL","14.0824","14.5963"
"07 Jan 2019","1623","182 DAY BILL","13.9921","15.0446"
"07 Jan 2019","1623","2 YR FXR NOTE","19.7500","19.7500"
"07 Jan 2019","1623","3 YR FXR BOND","20.0000","20.0000"
"31 Dec 2018","1622","91 DAY BILL","14.0806","14.5944"
"31 Dec 2018","1622","182 DAY BILL","13.9769","15.0271"
"31 Dec 2018","1622","1 YR FXR NOTE","15.5000","15.5000"
"24 Dec 2018","1621","91 DAY BILL","14.0530","14.5646"
"24 Dec 2018","1621","182 DAY BILL","14.0397","15.0996"
"17 Dec 2018","1620","91 DAY BILL","14.0501","14.5616"
"17 Dec 2018","1620","182 DAY BILL","13.9587","15.0060"
"17 Dec 2018","1620","1 YR FXR NOTE","15.5000","15.5000"
"10 Dec 2018","1619","2 YR FXR NOTE","19.5000","19.5000"
"10 Dec 2018","1619","91 DAY BILL","14.0180","14.5271"
"10 Dec 2018","1619","182 DAY BILL","13.9186","14.9597"
"03 Dec 2018","1618","91 DAY BILL","13.9743","14.4802"
"03 Dec 2018","1618","182 DAY BILL","13.7998","14.8226"
"03 Dec 2018","1618","1 YR FXR NOTE","15.5000","15.5000"
"26 Nov 2018","1617","182 DAY BILL","13.7889","14.8100"
"26 Nov 2018","1617","91 DAY BILL","13.8925","14.3924"
"19 Nov 2018","1616","91 DAY BILL","13.9218","14.4239"
"19 Nov 2018","1616","182 DAY BILL","13.6182","14.6132"
"19 Nov 2018","1616","1 YR FXR NOTE","15.0000","15.0000"
"12 Nov 2018","1615","91 DAY BILL","13.9115","14.4128"
"12 Nov 2018","1615","182 DAY BILL","13.6442","14.6431"
"12 Nov 2018","1615","2 YR FXR NOTE","19.5000","19.5000"
"05 Nov 2018","1614","91 DAY BILL","13.6525","14.1349"
"05 Nov 2018","1614","182 DAY BILL","13.5185","14.4985"
"05 Nov 2018","1614","1 YR FXR NOTE","15.0000","15.0000"
"29 Oct 2018","1613","91 DAY BILL","13.4495","13.9174"
"29 Oct 2018","1613","182 DAY BILL","13.4680","14.4405"
"22 Oct 2018","1612","91 DAY BILL","13.2946","13.7516"
"22 Oct 2018","1612","182 DAY BILL","13.4330","14.4002"
"22 Oct 2018","1612","3 YR FXR BOND","19.5000","19.5000"
"15 Oct 2018","1611","1 YR FXR NOTE","15.0000","15.0000"
"15 Oct 2018","1611","182 DAY BILL","13.3610","14.3175"
"15 Oct 2018","1611","91 DAY BILL","13.0345","13.4735"
"08 Oct 2018","1610","91 DAY BILL","12.9781","13.4133"
"08 Oct 2018","1610","182 DAY BILL","13.3236","14.2745"
"08 Oct 2018","1610","2 YR FXR NOTE","19.5000","19.5000"
"01 Oct 2018","1609","91 DAY BILL","12.9720","13.4068"
"01 Oct 2018","1609","182 DAY BILL","13.3761","14.3348"
"01 Oct 2018","1609","1 YR FXR NOTE","15.0000","15.0000"
"24 Sep 2018","1608","91 DAY BILL","12.9521","13.3855"
"24 Sep 2018","1608","182 DAY BILL","13.2408","14.1795"
"17 Sep 2018","1607","91 DAY BILL","12.9381","13.3705"
"17 Sep 2018","1607","182 DAY BILL","13.2456","14.1851"
"17 Sep 2018","1607","1 YR FXR NOTE","15.0000","15.0000"
"10 Sep 2018","1606","91 DAY BILL","12.9310","13.3630"
"10 Sep 2018","1606","182 DAY BILL","13.0260","13.9335"
"03 Sep 2018","1605","91 DAY BILL","12.9308","13.3628"
"03 Sep 2018","1605","182 DAY BILL","12.9378","13.8326"
"27 Aug 2018","1604","2 YR FXR NOTE","18.0000","18.0000"
"27 Aug 2018","1604","91 DAY BILL","12.8968","13.3265"
"27 Aug 2018","1604","182 DAY BILL","12.9667","13.8657"
"20 Aug 2018","1603","91 DAY BILL","12.8793","13.3078"
"20 Aug 2018","1603","182 DAY BILL","12.9640","13.8626"
"20 Aug 2018","1603","1 YR FXR NOTE","14.5000","14.5000"
"13 Aug 2018","1602","91 DAY BILL","12.8698","13.2976"
"13 Aug 2018","1602","182 DAY BILL","12.9629","13.8613"
"13 Aug 2018","1602","1 YR FXR NOTE","14.5000","14.5000"
"06 Aug 2018","1601","91 DAY BILL","12.8779","13.3063"
"06 Aug 2018","1601","182 DAY BILL","12.9243","13.8172"
"30 Jul 2018","1600","3 YR FXR BOND","18.0000","18.0000"
"30 Jul 2018","1600","91 DAY BILL","12.8831","13.3118"
"30 Jul 2018","1600","182 DAY BILL","12.9337","13.8279"
"30 Jul 2018","1600","1 YR FXR NOTE","14.5000","14.5000"
"23 Jul 2018","1599","91 DAY BILL","12.8962","13.3258"
"23 Jul 2018","1599","182 DAY BILL","12.9112","13.8022"
"16 Jul 2018","1598","91 DAY BILL","12.8863","13.3153"
"16 Jul 2018","1598","182 DAY BILL","12.9665","13.8654"
"16 Jul 2018","1598","1 YR FXR NOTE","14.5000","14.5000"
"09 Jul 2018","1597","91 DAY BILL","12.8934","13.3228"
"09 Jul 2018","1597","182 DAY BILL","12.9579","13.8556"
"02 Jul 2018","1596","1 YR FXR NOTE","15.0000","15.0000"
"02 Jul 2018","1596","3 YR FXR BOND","17.5000","17.5000"
"02 Jul 2018","1596","182 DAY BILL","12.9608","13.8589"
"02 Jul 2018","453","56 DAY BILL","0.0000","0.0000"
"02 Jul 2018","1596","91 DAY BILL","12.9020","13.3320"
"25 Jun 2018","1595","91 DAY BILL","12.8956","13.3252"
"25 Jun 2018","1595","182 DAY BILL","12.9546","13.8518"
"18 Jun 2018","1594","91 DAY BILL","12.9072","13.3376"
"18 Jun 2018","1594","182 DAY BILL","12.9915","13.8940"
"18 Jun 2018","1594","1 YR FXR NOTE","15.0000","15.0000"
"11 Jun 2018","1593","91 DAY BILL","12.8763","13.3046"
"11 Jun 2018","1593","182 DAY BILL","12.9258","13.8189"
"11 Jun 2018","1593","10 YR FXR BOND","17.5000","17.5000"
"04 Jun 2018","1592","91 DAY BILL","12.8130","13.2370"
"04 Jun 2018","1592","182 DAY BILL","12.9538","13.8509"
"04 Jun 2018","1592","1 YR FXR NOTE","15.0000","15.0000"
"28 May 2018","1591","91 DAY BILL","12.9078","13.3382"
"28 May 2018","1591","182 DAY BILL","12.9724","13.8722"
"21 May 2018","1590","1 YR FXR NOTE","15.0000","15.0000"
"21 May 2018","1590","3 YR FXR BOND","16.2500","16.2500"
"21 May 2018","1590","91 DAY BILL","12.9185","13.3496"
"21 May 2018","1590","182 DAY BILL","12.9325","13.8266"
"14 May 2018","1589","91 DAY BILL","12.9453","13.3783"
"14 May 2018","1589","182 DAY BILL","12.9608","13.8589"
"14 May 2018","1589","2 YR FXR NOTE","16.0000","16.0000"
"07 May 2018","1588","91 DAY BILL","12.8996","13.3295"
"07 May 2018","1588","182 DAY BILL","12.9409","13.8362"
"30 Apr 2018","1587","91 DAY BILL","12.9277","13.3595"
"30 Apr 2018","1587","182 DAY BILL","12.9645","13.8631"
"30 Apr 2018","1587","1 YR FXR NOTE","15.0000","15.0000"
"23 Apr 2018","1586","91 DAY BILL","12.8995","13.3294"
"23 Apr 2018","1586","182 DAY BILL","12.9854","13.8870"
"16 Apr 2018","1585","91 DAY BILL","12.9322","13.3643"
"16 Apr 2018","1585","182 DAY BILL","12.9727","13.8725"
"16 Apr 2018","1585","1 YR FXR NOTE","15.0000","15.0000"
"16 Apr 2018","1585","7 YR FXR BOND","16.2500","0.0000"
"09 Apr 2018","1584","91 DAY BILL","12.9042","13.3344"
"09 Apr 2018","1584","182 DAY BILL","12.9890","13.8912"
"02 Apr 2018","1583","182 DAY BILL","12.9833","13.8846"
"02 Apr 2018","1583","1 YR FXR NOTE","15.0000","15.0000"
"02 Apr 2018","1583","91 DAY BILL","12.8859","13.3148"
"26 Mar 2018","1582","182 DAY BILL","12.9970","13.9003"
"26 Mar 2018","1582","3 YR FXR BOND","16.5000","16.5000"
"26 Mar 2018","1582","1 YR FXR NOTE","15.0000","15.0000"
"26 Mar 2018","1582","91 DAY BILL","12.9322","13.3643"
"19 Mar 2018","1581","91 DAY BILL","12.9122","13.3429"
"19 Mar 2018","1581","182 DAY BILL","13.0071","13.9119"
"19 Mar 2018","1581","2 YR FXR NOTE","16.5000","16.5000"
"12 Mar 2018","1580","91 DAY BILL","12.9176","13.3487"
"12 Mar 2018","1580","182 DAY BILL","12.9792","13.8800"
"05 Mar 2018","1579","91 DAY BILL","12.9404","13.3730"
"05 Mar 2018","1579","182 DAY BILL","12.9871","13.8890"
"05 Mar 2018","1579","1 YR FXR NOTE","15.0000","15.0000"
"26 Feb 2018","1578","91 DAY BILL","12.9165","13.3475"
"26 Feb 2018","1578","182 DAY BILL","12.9942","13.8971"
"19 Feb 2018","1577","91 DAY BILL","12.9106","13.3412"
"19 Feb 2018","1577","2 YR FXR NOTE","16.5000","16.5000"
"19 Feb 2018","1577","182 DAY BILL","12.9909","13.8933"
"12 Feb 2018","1576","91 DAY BILL","12.9332","13.3653"
"12 Feb 2018","1576","182 DAY BILL","13.0031","13.9073"
"12 Feb 2018","1576","5 YR FXR BOND","16.5000","16.5000"
"05 Feb 2018","1575","1 YR FXR NOTE","15.0000","15.0000"
"05 Feb 2018","1575","91 DAY BILL","12.8912","13.3205"
"05 Feb 2018","1575","182 DAY BILL","12.9900","13.8923"
"29 Jan 2018","1574","91 DAY BILL","12.9201","13.3513"
"29 Jan 2018","1574","182 DAY BILL","13.0067","13.9114"
"22 Jan 2018","1573","182 DAY BILL","12.9256","13.8187"
"15 Jan 2018","1572","182 DAY BILL","12.9906","13.8930"
"08 Jan 2018","1571","182 DAY BILL","12.9748","13.8749"
"08 Jan 2018","1571","2 YR FXR NOTE","17.1800","17.1800"
"01 Jan 2018","1570","182 DAY BILL","12.9885","13.8906"
"01 Jan 2018","1570","1 YR FXR NOTE","15.0000","15.0000"
"25 Dec 2017","1569","182 DAY BILL","12.9828","13.8841"
"18 Dec 2017","1568","182 DAY BILL","12.7001","13.5612"
"18 Dec 2017","1568","1 YR FXR NOTE","15.0000","15.0000"
"11 Dec 2017","1567","182 DAY BILL","12.9651","13.8638"
"11 Dec 2017","1567","2 YR FXR NOTE","17.5000","17.5000"
"04 Dec 2017","1566","182 DAY BILL","12.9268","13.8200"
"04 Dec 2017","1566","1 YR FXR NOTE","15.0000","15.0000"
"04 Dec 2017","1566","91 DAY BILL","12.9099","13.3405"
"04 Dec 2017","1566","5 YR FXR BOND","17.6000","17.6000"
"27 Nov 2017","1565","182 DAY BILL","12.9622","13.8605"
"20 Nov 2017","1564","182 DAY BILL","12.9196","13.8118"
"20 Nov 2017","1564","1 YR FXR NOTE","15.0000","15.0000"
"13 Nov 2017","1563","182 DAY BILL","12.9716","13.8713"
"13 Nov 2017","1563","2 YR FXR NOTE","17.2400","98.5702"
"13 Nov 2017","1563","3 YR FXR BOND","6.2500","6.2500"
"13 Nov 2017","1563","3 YR FXR BOND","6.2500","6.2500"
"06 Nov 2017","1562","1 YR FXR NOTE","15.0000","15.0000"
"06 Nov 2017","1562","182 DAY BILL","12.8877","13.7754"
"30 Oct 2017","1561","182 DAY BILL","0.0000","0.0000"
"16 Oct 2017","1559","1 YR FXR NOTE","15.0000","15.0000"
"09 Oct 2017","1558","2 YR FXR NOTE","17.0000","17.0000"
"02 Oct 2017","1557","1 YR FXR NOTE","15.0000","15.0000"
"25 Sep 2017","1556","3 YR FXR BOND","18.2500","18.2500"
"18 Sep 2017","1555","1 YR FXR NOTE","15.0000","15.0000"
"11 Sep 2017","1554","2 YR FXR NOTE","17.0000","17.0000"
"21 Aug 2017","1551","1 YR FXR NOTE","15.0000","15.0000"
"14 Aug 2017","1550","2 YR FXR NOTE","17.0000","17.0000"
"07 Aug 2017","1549","1 YR FXR NOTE","15.0000","15.0000"
"31 Jul 2017","1548","5 YR FXR BOND","18.2500","0.0000"
"17 Jul 2017","1546","1 YR FXR NOTE","15.0000","15.0000"
"10 Jul 2017","1545","2 YR FXR NOTE","17.0000","17.0000"
"03 Jul 2017","1544","1 YR FXR NOTE","15.0000","15.0000"
"19 Jun 2017","1542","1 YR FXR NOTE","15.0000","15.0000"
"12 Jun 2017","1541","2 YR FXR NOTE","17.0000","17.0000"
"05 Jun 2017","1540","3 YR FXR BOND","18.5000","18.5000"
"05 Jun 2017","1540","1 YR FXR NOTE","15.5000","15.5000"
"05 Jun 2017","1540","91 DAY BILL","12.0180","12.3903"
"05 Jun 2017","1540","182 DAY BILL","12.8833","13.7703"
"15 May 2017","1537","1 YR FXR NOTE","16.0000","16.0000"
"08 May 2017","1536","2 YR FXR NOTE","19.9500","19.9500"
"01 May 2017","1535","1 YR FXR NOTE","17.5000","17.5000"
"10 Apr 2017","1532","2 YR FXR NOTE","21.0000","21.0000"
"03 Apr 2017","1531","15 YR FXR BOND","19.7500","19.7500"
"03 Apr 2017","1531","7 YR FXR BOND","19.7500","19.7500"
"13 Mar 2017","1528","3 YR FXR BOND","21.5000","21.5000"
"13 Mar 2017","1528","2 YR FXR NOTE","21.3300","21.3300"
"13 Feb 2017","1524","2 YR FXR NOTE","21.5000","21.5000"
"30 Jan 2017","1522","5 YR FXR BOND","18.7500","18.7500"
"09 Jan 2017","1519","2 YR FXR NOTE","21.0000","21.0000"
"12 Dec 2016","1515","2 YR FXR NOTE","22.5000","22.5000"
"14 Nov 2016","1511","2 YR FXR NOTE","23.0000","23.0000"
"14 Nov 2016","1511","10 YR FXR BOND","19.0000","0.0000"
"17 Oct 2016","1507","2 YR FXR NOTE","6.0000","6.0000"
"17 Oct 2016","1507","2 YR FXR NOTE","6.0000","6.0000"
"10 Oct 2016","1506","2 YR FXR NOTE","24.0000","24.0000"
"12 Sep 2016","1502","3 YR FXR BOND","24.0000","24.0000"
"12 Sep 2016","1502","2 YR FXR NOTE","24.0000","24.0000"
"08 Aug 2016","1497","2 YR FXR NOTE","24.5000","24.5000"
"25 Jul 2016","1495","5 YR FXR BOND","24.7500","24.7500"
"11 Jul 2016","1493","2 YR FXR NOTE","24.0000","24.0000"
"27 Jun 2016","1491","5 YR FXR BOND","24.5000","24.5000"
"13 Jun 2016","1489","2 YR FXR NOTE","24.2500","24.2500"
"30 May 2016","1487","3 YR FXR BOND","24.5000","24.5000"
"09 May 2016","1484","2 YR FXR NOTE","24.0000","24.0000"
"25 Apr 2016","1482","3 YR FXR BOND","24.5000","24.5000"
"07 Mar 2016","1475","5 YR FXR BOND","24.7500","24.7500"
"11 Jan 2016","1467","3 YR FXR BOND","24.7500","24.7500"
"30 Nov 2015","1461","5 YR FXR BOND","24.0000","24.0000"
"26 Oct 2015","1456","3 YR FXR BOND","24.5000","24.5000"
"25 May 2015","1434","3 YR FXR BOND","23.4700","23.4700"
"30 Mar 2015","1426","5 YR FXR BOND","21.0000","21.0000"
"25 Nov 2013","1355","7 YR FXR BOND","18.0000","18.0000"
"30 Sep 2013","1347","5 YR FXR BOND","19.0400","19.0400"
"26 Aug 2013","1342","7 YR FXR BOND","17.5000","17.5000"